ID,feature1,feature2,feature3,feature4,feature5,Year
novelist_a,0.530816464,0.770623465,0.397336556,0.70863908,0.646731069,1880
novelist_a,0.525454129,0.677485059,0.865397932,0.718314741,0.869227219,1890
novelist_a,0.612755896,0.424613168,0.12011501,0.616683455,0.844589893,1900
novelist_d,0.39959745,0.605828163,0.398065823,0.190225126,0.128790398,1880
novelist_d,0.19726494,0.46563675,0.613700705,0.108250745,0.419414697,1890
novelist_d,0.032174537,0.463774774,0.876166235,0.872649821,0.770454856,1900
